metric,y,ymin,ymax,.width,.point,.interval
rmse,15.99900898731791,15.525508387267969,16.518350339985574,0.95,median,qi
mae,7.609125287391308,6.9208378209417925,8.23102920896967,0.95,median,qi
