metric,y,ymin,ymax,.width,.point,.interval
rmse,23.810907941377174,22.22750546834218,78.0909227034214,0.95,median,qi
mae,13.45332472165218,11.945506387072916,15.030812264082021,0.95,median,qi
